-- phpMyAdmin SQL Dump
-- version 5.2.1
-- https://www.phpmyadmin.net/
--
-- Host: 127.0.0.1
-- Waktu pembuatan: 19 Jun 2024 pada 10.32
-- Versi server: 10.4.32-MariaDB
-- Versi PHP: 8.2.12

SET SQL_MODE = "NO_AUTO_VALUE_ON_ZERO";
START TRANSACTION;
SET time_zone = "+00:00";


/*!40101 SET @OLD_CHARACTER_SET_CLIENT=@@CHARACTER_SET_CLIENT */;
/*!40101 SET @OLD_CHARACTER_SET_RESULTS=@@CHARACTER_SET_RESULTS */;
/*!40101 SET @OLD_COLLATION_CONNECTION=@@COLLATION_CONNECTION */;
/*!40101 SET NAMES utf8mb4 */;

--
-- Database: `db_toko`
--

-- --------------------------------------------------------

--
-- Struktur dari tabel `barang`
--

CREATE TABLE `barang` (
  `id` int(11) NOT NULL,
  `id_barang` varchar(255) NOT NULL,
  `id_kategori` int(11) NOT NULL,
  `nama_barang` text NOT NULL,
  `merk` varchar(255) NOT NULL,
  `harga_beli` varchar(255) NOT NULL,
  `harga_jual` varchar(255) NOT NULL,
  `satuan_barang` varchar(255) NOT NULL,
  `stok` text NOT NULL,
  `tgl_input` varchar(255) NOT NULL,
  `tgl_update` varchar(255) DEFAULT NULL
) ENGINE=InnoDB DEFAULT CHARSET=latin1 COLLATE=latin1_swedish_ci;

--
-- Dumping data untuk tabel `barang`
--

INSERT INTO `barang` (`id`, `id_barang`, `id_kategori`, `nama_barang`, `merk`, `harga_beli`, `harga_jual`, `satuan_barang`, `stok`, `tgl_input`, `tgl_update`) VALUES
(1, 'CST001', 8, 'KutilQuda', 'Sucralfate', '100000', '60000', 'PCS', '10', '26 May 2024, 23:09', NULL),
(2, 'CST002', 11, 'MeongNjix', 'Redoxon', '50000', '40000', 'PCS', '10', '26 May 2024, 23:09', NULL),
(3, 'CST003', 8, 'HeyJude', 'Sucralfate', '70000', '60000', 'PCS', '8', '28 May 2024, 16:15', NULL),
(4, 'CST004', 11, 'Mbappe', 'Imboost', '80000', '75000', 'PCS', '9', '7 June 2024, 17:25', NULL),
(6, 'CST005', 8, 'Mbappe', 'Sucralfate', '60000', '60000', 'PCS', '7', '7 June 2024, 17:27', NULL);

-- --------------------------------------------------------

--
-- Struktur dari tabel `kategori`
--

CREATE TABLE `kategori` (
  `id_kategori` int(11) NOT NULL,
  `nama_kategori` varchar(255) NOT NULL,
  `tgl_input` varchar(255) NOT NULL
) ENGINE=InnoDB DEFAULT CHARSET=latin1 COLLATE=latin1_swedish_ci;

--
-- Dumping data untuk tabel `kategori`
--

INSERT INTO `kategori` (`id_kategori`, `nama_kategori`, `tgl_input`) VALUES
(8, 'Obat Sirup', '16 July 2021, 17:40'),
(11, 'Obat Tablet', '16 July 2021, 17:52'),
(13, 'Obat Kapsul', '26 May 2024, 20:00');

-- --------------------------------------------------------

--
-- Struktur dari tabel `login`
--

CREATE TABLE `login` (
  `id_login` int(11) NOT NULL,
  `user` varchar(255) NOT NULL,
  `pass` char(32) NOT NULL,
  `id_member` int(11) NOT NULL
) ENGINE=InnoDB DEFAULT CHARSET=latin1 COLLATE=latin1_swedish_ci;

--
-- Dumping data untuk tabel `login`
--

INSERT INTO `login` (`id_login`, `user`, `pass`, `id_member`) VALUES
(1, 'admin1', '123', 1),
(2, 'customer', '321', 2),
(3, 'owner', '456', 3);

-- --------------------------------------------------------

--
-- Struktur dari tabel `member`
--

CREATE TABLE `member` (
  `id_member` int(11) NOT NULL,
  `nm_member` varchar(255) NOT NULL,
  `alamat_member` text NOT NULL,
  `telepon` varchar(255) NOT NULL,
  `email` varchar(255) NOT NULL,
  `gambar` text NOT NULL,
  `NIK` text NOT NULL
) ENGINE=InnoDB DEFAULT CHARSET=latin1 COLLATE=latin1_swedish_ci;

--
-- Dumping data untuk tabel `member`
--

INSERT INTO `member` (`id_member`, `nm_member`, `alamat_member`, `telepon`, `email`, `gambar`, `NIK`) VALUES
(1, 'Admin Nala', 'Wiyung', '081200410102', 'admin123@gmail.com', 'Sample_User_Icon.png', '90764123'),
(2, 'Customer', 'Jln. Ahmad Yani', '081214112215', 'customer321@gmail.com', '', '23525235'),
(3, 'Junaedi', 'Jln. Diponegoro', '082112319954', 'owner456@gmail.com', '', '76843456');

-- --------------------------------------------------------

--
-- Struktur dari tabel `nota`
--

CREATE TABLE `nota` (
  `id_nota` int(11) NOT NULL,
  `id_barang` varchar(255) NOT NULL,
  `id_member` int(11) NOT NULL,
  `jumlah` varchar(255) NOT NULL,
  `total` varchar(255) NOT NULL,
  `tanggal_input` varchar(255) NOT NULL,
  `periode` varchar(255) DEFAULT NULL
) ENGINE=InnoDB DEFAULT CHARSET=latin1 COLLATE=latin1_swedish_ci;

--
-- Dumping data untuk tabel `nota`
--

INSERT INTO `nota` (`id_nota`, `id_barang`, `id_member`, `jumlah`, `total`, `tanggal_input`, `periode`) VALUES
(29, 'CST001', 1, '1', '60000', '26 May 2024, 23:17', '05-2024'),
(30, 'CST004', 2, '1', '75000', '7 June 2024, 17:28', '06-2024'),
(31, 'CST005', 2, '1', '60000', '7 June 2024, 17:28', '06-2024');

-- --------------------------------------------------------

--
-- Struktur dari tabel `penjualan`
--

CREATE TABLE `penjualan` (
  `id_penjualan` int(11) NOT NULL,
  `id_barang` varchar(255) NOT NULL,
  `id_member` int(11) NOT NULL,
  `jumlah` varchar(255) NOT NULL,
  `total` varchar(255) NOT NULL,
  `tanggal_input` varchar(255) NOT NULL
) ENGINE=InnoDB DEFAULT CHARSET=latin1 COLLATE=latin1_swedish_ci;

--
-- Dumping data untuk tabel `penjualan`
--

INSERT INTO `penjualan` (`id_penjualan`, `id_barang`, `id_member`, `jumlah`, `total`, `tanggal_input`) VALUES
(0, 'CST004', 2, '1', '75000', '7 June 2024, 17:28'),
(0, 'CST005', 2, '1', '60000', '7 June 2024, 17:28');

-- --------------------------------------------------------

--
-- Struktur dari tabel `toko`
--

CREATE TABLE `toko` (
  `id_toko` int(11) NOT NULL,
  `nama_toko` varchar(255) NOT NULL,
  `alamat_toko` text NOT NULL,
  `tlp` varchar(255) NOT NULL,
  `nama_pemilik` varchar(255) NOT NULL
) ENGINE=InnoDB DEFAULT CHARSET=latin1 COLLATE=latin1_swedish_ci;

--
-- Dumping data untuk tabel `toko`
--

INSERT INTO `toko` (`id_toko`, `nama_toko`, `alamat_toko`, `tlp`, `nama_pemilik`) VALUES
(1, 'SISTEM INFORMASI WEB LIFE BALANCED', 'Jl. Rungkut Madya No.13', '088456349821', 'Junaedi');

--
-- Indexes for dumped tables
--

--
-- Indeks untuk tabel `barang`
--
ALTER TABLE `barang`
  ADD PRIMARY KEY (`id`);

--
-- Indeks untuk tabel `kategori`
--
ALTER TABLE `kategori`
  ADD PRIMARY KEY (`id_kategori`);

--
-- Indeks untuk tabel `login`
--
ALTER TABLE `login`
  ADD PRIMARY KEY (`id_login`);

--
-- Indeks untuk tabel `member`
--
ALTER TABLE `member`
  ADD PRIMARY KEY (`id_member`);

--
-- Indeks untuk tabel `nota`
--
ALTER TABLE `nota`
  ADD PRIMARY KEY (`id_nota`);

--
-- Indeks untuk tabel `toko`
--
ALTER TABLE `toko`
  ADD PRIMARY KEY (`id_toko`);

--
-- AUTO_INCREMENT untuk tabel yang dibuang
--

--
-- AUTO_INCREMENT untuk tabel `barang`
--
ALTER TABLE `barang`
  MODIFY `id` int(11) NOT NULL AUTO_INCREMENT, AUTO_INCREMENT=7;

--
-- AUTO_INCREMENT untuk tabel `kategori`
--
ALTER TABLE `kategori`
  MODIFY `id_kategori` int(11) NOT NULL AUTO_INCREMENT, AUTO_INCREMENT=14;

--
-- AUTO_INCREMENT untuk tabel `login`
--
ALTER TABLE `login`
  MODIFY `id_login` int(11) NOT NULL AUTO_INCREMENT, AUTO_INCREMENT=4;

--
-- AUTO_INCREMENT untuk tabel `member`
--
ALTER TABLE `member`
  MODIFY `id_member` int(11) NOT NULL AUTO_INCREMENT, AUTO_INCREMENT=5;

--
-- AUTO_INCREMENT untuk tabel `nota`
--
ALTER TABLE `nota`
  MODIFY `id_nota` int(11) NOT NULL AUTO_INCREMENT, AUTO_INCREMENT=32;

--
-- AUTO_INCREMENT untuk tabel `toko`
--
ALTER TABLE `toko`
  MODIFY `id_toko` int(11) NOT NULL AUTO_INCREMENT, AUTO_INCREMENT=2;
COMMIT;

/*!40101 SET CHARACTER_SET_CLIENT=@OLD_CHARACTER_SET_CLIENT */;
/*!40101 SET CHARACTER_SET_RESULTS=@OLD_CHARACTER_SET_RESULTS */;
/*!40101 SET COLLATION_CONNECTION=@OLD_COLLATION_CONNECTION */;
